country,avg_tone,stddev_tone,count,avg_conf,avg_weighted_tone,std_weighted_tone,first_quartile_tone,median_tone,third_quartile_tone
Chad,-4.413153784545933,4.057719616934763,283692,39.054432271618516,-4.5085263191191345,6.295423089116978,-7.13476783691959,-4.25844346549193,-1.69712793733681
Anguilla,-2.637829861080645,3.562271761906287,6923,38.60754008377871,-2.2590308506576373,4.967264713664492,-5.26829268292683,-2.94599018003273,0.0
Paraguay,-2.593172689495684,3.2232635640329774,88008,35.508249250068175,-2.704971336165935,4.915538874659347,-4.76190476190476,-2.77777777777778,-0.35398230088496
Russia,-3.1463836598900543,2.8632629237726483,10598617,34.57565171002972,-3.1732862547196543,4.5281699650101706,-4.91228070175439,-3.01075268817205,-1.28805620608899
Yemen,-4.411549319164839,2.8497841411753098,1207338,40.26888907662974,-4.55967723514915,5.175016607479198,-6.21915103652517,-4.29769392033543,-2.66535044422508
Senegal,-2.975901918911228,3.8546062841209263,145940,39.10045224064684,-3.063383668390765,5.8471620259880295,-5.45212765957447,-3.05755395683454,-0.36407766990291
Sweden,-3.2033922991716928,4.358988032309001,894190,38.043637258300805,-3.0204890842746086,5.859831141968918,-6.45015787099684,-3.50553505535055,0.0
Kiribati,-1.8775943887455586,2.3674032640043383,23837,46.107731677644,-1.8173389183948636,3.1896980268678368,-3.03030303030303,-2.35690235690236,-0.85227272727273
Guyana,-1.9191008174793123,3.865532426710105,104483,43.88110984562082,-1.8526103965883667,5.13047370837191,-4.0650406504065,-1.5748031496063,0.64456721915286
Eritrea,-4.963944251856727,3.599469864377944,94499,36.21646789913121,-4.962375724102661,6.15905048052221,-7.26744186046512,-5.12820512820513,-2.70009643201543
Philippines,-3.5291997362499337,3.6229660447499237,1553555,36.88574269980786,-3.5123905647375984,5.391485126119814,-5.96658711217184,-3.31632653061225,-1.13636363636363
Djibouti,-3.1134494779001614,3.075161335082803,133877,31.861111318598414,-2.926103017802079,4.567224737809449,-4.74452554744525,-3.07906544948167,-1.63934426229508
Tonga,-1.631753752559568,4.319048806638396,20497,39.59603844465044,-1.3794062583017093,5.082525693572338,-5.13112884834663,-0.98425196850394,1.5527950310559
Malaysia,-3.170141111885986,3.338518737676817,1296605,39.76657501706379,-3.112189678284373,4.809797896410224,-5.46623794212219,-3.2793867120954,-1.06269925611052
Singapore,-0.8547264999346578,3.6057509561010996,624009,44.6730095239011,-0.8046989861839868,4.601966911993115,-3.16742081447964,-0.552486187845304,1.60213618157544
Fiji,-1.111955725975208,3.9590122362823426,79965,43.36809854311261,-1.0014742275533728,4.950611579536059,-3.92156862745098,-0.65005417118094,1.5625
Turkey,-4.294581756155489,3.1611814577942177,5667893,37.18864311658671,-4.392249265398558,5.4715176175054685,-6.27261761158022,-4.28211586901764,-2.38095238095238
Malawi,-2.39313513255335,4.051358957397412,82583,44.86371287068767,-2.2790002921544934,5.06973316138611,-5.18134715025907,-2.25806451612904,0.602813127930339
Iraq,-3.9281157974353347,2.76659953290667,3692731,37.60388991237109,-4.023941942023693,4.794569120504593,-5.51876379690949,-3.81791483113069,-2.18140068886338
Germany,-2.9924904421618304,3.5438590361671434,5337750,38.19485925717765,-3.0106926727153764,5.18545878812036,-5.33253445176752,-2.87356321839081,-0.57581573896353
Comoros,-1.456322732545948,3.81736120103957,6806,39.84131648545401,-1.688720613572482,5.170372276345179,-4.27927927927928,-1.06100795755969,1.3550135501355
Afghanistan,-4.4422727458696825,3.588161384906039,3428449,39.80669393069577,-4.655874414333447,5.960894505799417,-6.88073394495413,-4.29184549356223,-2.03991130820399
Cambodia,-3.0768513066955596,4.0612115360596,380691,44.41641646374619,-3.243032469611738,5.6394500526887175,-5.91133004926108,-3.13588850174216,-0.18796992481203
Ivory Coast,-3.8876689293959728,4.106664250993577,105428,41.58022536707516,-3.868360185798134,5.65502840079578,-6.84931506849315,-4.41176470588235,-0.72289156626506
Jordan,-3.2784171756720912,3.645843963705362,1374546,39.15336409258039,-3.1959591865217085,5.177015744123883,-5.55167597765364,-3.25865580448065,-0.89365504915102
Maldives,-3.629189632330243,4.249945164375475,461969,57.85507252651152,-3.767592506351227,5.559986950747961,-6.62983425414365,-3.6427732079906,-0.55865921787709
Rwanda,-3.7041809075513563,4.7598655692408345,220511,41.428999006852266,-3.5208406529186416,6.3652117592673285,-6.97329376854599,-3.60655737704918,0.0
Saint Helena,-0.40062584387232264,2.5027140195651203,2768,45.65028901734104,-0.4870169492285892,3.276981390401508,-1.48075024679171,-0.37974683544304,0.8298755186722
Sudan,-4.040600184974926,3.478346691477569,552304,36.10728873953475,-4.086113450733899,5.714120872952951,-6.20871862615588,-4.06403940886699,-2.04460966542751
Palau,-1.1120635181915892,3.1759238196764725,10062,42.3394951301928,-1.1196918649778862,4.060191034617845,-3.31050228310502,-0.82644628099174,1.00719424460432
France,-2.93224743005616,3.655871846039182,7329312,37.52152180177348,-2.9146926592627573,5.218316847064579,-5.43130990415336,-2.8169014084507,-0.43630017452007
Greece,-3.2591308617724737,3.111044476306999,2361774,41.54294187335452,-3.2890197378146753,4.640089167106162,-5.23255813953488,-3.21576763485477,-1.35396518375242
Sri Lanka,-2.13087014418935,3.8998096518916485,362168,44.55509597755738,-2.2777298540236997,5.318436016639233,-4.73684210526316,-1.92837465564738,0.66603235014272
Dominica,-3.221885076782377,3.740342475579828,20820,47.880883765609994,-3.310610801726138,5.293318252260209,-6.34146341463415,-3.94736842105263,-0.34602076124567
Taiwan,-1.580301752945144,3.2498417197878697,532469,41.1541516970941,-1.6231709973117139,4.612059644340148,-3.40909090909091,-1.31147540983607,0.3125
Algeria,-3.575022122693946,3.991503173197772,215119,40.68919993120087,-3.4587215551727395,5.561409098500624,-6.47482014388489,-3.40909090909091,-0.79365079365079
Equatorial Guinea,-1.5642602339456797,3.2823213049648126,24568,38.78988928687724,-1.5577979225244556,4.591789417589118,-3.61757105943152,-1.3986013986014,0.72289156626506
Togo,-2.228407228839307,3.833388953303393,31103,40.506703533421216,-2.362012072629919,5.4740114519948895,-4.89130434782609,-2.4745269286754,0.518134715025903
Macau,0.8476145173988181,3.8045712541617376,4516,31.20239149689991,0.908235048807592,4.6341092799591594,-1.58227848101265,1.51133501259446,3.47593582887701
Argentina,-2.2738452806062397,3.662782710829952,447782,37.16833191151051,-2.315622994113066,4.994984550568914,-4.72636815920398,-2.00860832137733,0.29850746268657
Angola,-2.969994256330663,3.881757153403993,116007,38.67663158257692,-2.81722190241686,5.518754354796715,-5.84795321637427,-3.14960629921259,0.0
Belgium,-3.9864165378572003,3.8844894623760724,1733539,37.02886407516647,-3.878040693024632,5.7393515828554955,-6.87022900763358,-3.88978930307941,-1.15122972265829
San Marino,-1.1015886451219765,3.6425786053818023,3015,39.48922056384743,-1.067121073083204,4.634624770969172,-3.13315926892951,-1.25,1.12540192926045
West Bank,-4.953598762093727,4.2236685559266105,2641332,32.790928970686004,-5.099061886635062,6.85497399696066,-7.90123456790124,-4.77611940298507,-2.01005025125628
Ecuador,-2.714588056500246,3.5115698896424923,343639,36.44330241910843,-2.4724741491789715,4.662054599530997,-5.4320987654321,-2.59067357512953,0.0
Qatar,-2.311108305993703,3.2473820624279384,806012,39.39488493967832,-2.1332297664641615,4.6418606054465,-4.35267857142858,-2.52454417952314,-0.43668122270742
Lesotho,-1.2979949025324582,3.9031359748110064,31319,41.79411858616176,-1.5336304729699377,5.210355806724382,-4.28954423592494,-0.98425196850394,1.86915887850467
Albania,-3.5483036537858674,3.768827146685774,182110,38.43237603646148,-3.5071704517204183,5.503901871863629,-6.32703368940017,-3.47222222222223,-0.93457943925234
Madagascar,-1.441164901101404,3.5473566095788613,48336,44.137909632572,-1.6427312750158045,4.84451570311037,-3.19061903463322,-1.39275766016713,0.95131505316172
Finland,-1.829566375937227,4.026584734125663,367672,44.49017058682739,-1.5803523982113241,5.070706189189968,-4.51520912547529,-1.25944584382872,1.11111111111111
Ghana,-1.1078879488666378,3.8878798686541405,276862,38.75136349517088,-1.0351471247054813,4.8472288733248625,-3.67647058823529,-0.88888888888889,1.63666121112929
Myanmar,-3.2021953755379386,3.60897841626736,759789,47.480168836347985,-3.340187372343575,5.102460941316141,-5.79268292682926,-3.42465753424658,-0.5
Nicaragua,-1.9996806255745476,3.1602021776747944,108875,38.76500574052813,-2.048054634960754,4.551763528624331,-3.81679389312977,-1.83333333333333,0.0
Benin,-2.109411350011568,4.044771958847219,68938,38.86869360874989,-2.003991891338304,5.0095126645044985,-4.72972972972973,-1.99733688415446,0.70546737213403
Peru,-2.408687172805135,3.8036907705522203,422171,39.88400434894865,-2.429920500908276,5.265849510977004,-5.0,-2.35148514851485,0.25974025974026
Sierra Leone,-3.4886257484878573,3.5662178391390733,99141,38.80896904408872,-3.35793119447031,5.237412128281952,-5.83657587548638,-3.78548895899053,-1.22324159021407
Bahamas,-2.8903824553690707,3.8749317160313295,143857,37.7193323925843,-2.726158603175731,5.542709794072282,-5.5417700578991,-2.8688524590164,-0.28985507246377
China,-1.769359177293332,3.063130991692821,8281302,40.48359907657033,-1.7557980355892968,4.168742098471831,-3.56394129979036,-1.7391304347826,0.15503875968992
India,-2.603663004352808,4.089049953838945,689057,38.47474156709822,-2.508234234960913,5.590448724690021,-5.29100529100529,-2.34741784037558,0.39421813403417
United States,-2.30972172372133,3.519255333065221,16830093,40.170880220329146,-2.1890759909191706,4.683479906249553,-4.60829493087558,-2.20048899755501,0.0
Belarus,-2.472664733175043,3.8998840712876612,208320,37.286866359447004,-2.5289193927546303,5.547792367828686,-4.99583680266445,-2.51798561151079,0.2664298401421
Kuwait,-2.6908188118864698,3.5815850660614785,346455,39.952634541282414,-2.740212296783672,5.287077937755833,-4.94417862838916,-2.76872964169381,-0.418410041841
Malta,-2.229716282526858,3.6329146397648024,148508,40.3019365960083,-2.0556541285273493,4.974665678663036,-4.57433290978399,-2.30769230769231,0.26315789473685
Sao Tome and Principe,0.09110765464499238,3.5099101514105997,5563,38.617652345856555,0.23011095439264476,4.06198941047902,-1.61439114391144,0.73529411764706,2.14797136038187
Marshall Islands,-1.8153044247555485,2.4603647484898383,31285,40.72558734217676,-1.792934796267721,3.1086905413624604,-3.04147465437788,-2.12765957446808,-0.29411764705882
Somalia,-5.492734288575987,3.4597525995465266,793208,39.57219291787274,-5.683437709874559,6.376335925253852,-7.89473684210526,-5.42740841248304,-3.35195530726258
Tuvalu,-1.3677430393366667,2.23994858515159,15530,30.11912427559562,-1.0053423927404221,3.40855541625496,-2.74129069103369,-1.92307692307693,-0.90344438170525
Chile,-2.4743424772996927,3.914197492595977,410110,37.936309770549364,-2.493043118687582,5.5122474468663025,-5.23690773067332,-2.27272727272727,0.38819875776398
Tajikistan,-2.24677221871055,3.980781715041968,104883,38.211530944004274,-2.112684424879518,5.3480013968431495,-5.12820512820512,-2.03488372093024,0.740740740740741
Puerto Rico,-1.9310209474355922,3.918319800680179,22,60.90909090909091,-1.4705915978848585,3.6364381858866985,-2.68987341772152,-1.58311345646438,0.35523978685612
Cayman Islands,-1.3052534431122553,3.618597891791683,29474,48.78944154169777,-1.3223459902236845,4.519660269914854,-3.36322869955157,-1.29449838187702,1.01010101010102
Croatia,-4.154594267835223,3.3817075131317096,284105,37.18164059062671,-4.084153184214096,5.335637718812175,-6.11045828437133,-4.83516483516483,-2.21052631578948
Burundi,-5.976917421289147,3.454705708703988,235904,48.08922273467173,-6.01186892220201,5.758741208948147,-8.36909871244635,-6.12244897959184,-3.87858347386172
Andorra,-1.6594926471598441,3.4806848863085165,3118,39.281590763309815,-1.4976278699047678,4.495374463302803,-3.71287128712871,-2.18340611353712,0.51679586563307
Bolivia,-2.3075047955896237,3.4299628936409485,186261,39.16053280074734,-2.3837671278333334,4.7971686675431675,-4.16666666666667,-1.78926441351889,0.0
Nigeria,-4.475347371806264,3.8932501272231805,1063688,40.695062837975044,-4.554112104672717,5.981142365030328,-7.10823909531503,-4.45103857566766,-1.98019801980197
Wallis and Futuna Islands,0.2101268428105253,2.8845950430448166,144,50.90277777777778,-0.19266424863688356,3.8014164472783274,-1.92307692307692,0.31055900621118,2.48447204968944
Gabon,-3.3314678880836692,3.6305661515594374,38316,42.70252635974528,-3.3836331264953983,5.278793202743007,-5.77777777777778,-3.7344398340249,-1.10375275938189
Italy,-2.478539916617902,3.7653253118612677,2827838,37.22463592327425,-2.4178372487285476,5.2058046537000084,-5.10948905109489,-2.44328097731239,0.24813895781638
Suriname,-2.7447900314238054,4.054028729196806,12915,46.29965156794425,-2.8042751620174617,5.259462478538563,-5.64516129032258,-3.16301703163017,0.69991251093613
Lithuania,-2.0099626085023994,3.3063757202421065,180590,36.05930560939144,-1.9489502790353348,4.596088463380331,-3.98550724637681,-1.73076923076923,0.24937655860349
Norway,-2.3455547301322683,3.8810656089873388,627457,39.02090501819248,-2.116122763428832,4.921630572507483,-5.02183406113537,-2.30769230769231,0.37558685446009
Turkmenistan,-0.8698769528213656,3.599331596733476,101406,39.009624677040804,-0.5114129712307579,4.375106906724349,-3.48773841961853,-0.45766590389016,1.77347843611447
Spain,-2.832377558151462,3.7969901239594095,1964990,39.76694537885689,-2.796208948837327,5.190591017634505,-5.43478260869566,-2.78745644599303,0.0
Cuba,-1.2049305349052999,2.7943617065182065,1527973,40.17978720828182,-1.1431716579066067,3.6397905714239673,-2.82352941176471,-0.87939698492462,0.6675567423231
Mauritania,-2.969591502299158,3.5657985231004323,48692,36.43493797749117,-3.143308191717234,5.764464988039807,-5.16605166051661,-2.84090909090909,-1.09649122807017
Central African Republic,-4.581759592724573,3.3520058722391304,134581,40.427326294202004,-4.587503520328517,5.380145407993717,-6.76923076923077,-4.59770114942528,-2.24719101123595
Denmark,-2.274086858668653,3.8353624694430613,550263,39.27916287302617,-2.1876639761911476,5.127421127324944,-4.93506493506493,-2.19638242894057,0.45146726862303
Niger,-4.501596849996527,3.4464366400250306,226314,37.441872796203505,-4.723983692721883,5.922097232691517,-6.71140939597315,-4.3179587831207,-2.38805970149253
Bangladesh,-4.958319046051642,4.004489208543898,938956,42.06197095497553,-5.058249930137309,6.444771359175803,-7.61750405186386,-5.33333333333333,-2.46478873239437
Barbados,-0.5796482548898028,3.9311027708338107,48912,45.66098298985934,-0.5281459660196666,4.61338343741412,-2.84313725490196,-0.64655172413793,2.13523131672598
Iran,-2.899908076571101,2.8017115782484567,5028125,37.08030528278434,-2.852303091953004,4.178959994726274,-4.50859552384041,-2.70758122743682,-1.12852664576803
Ireland,-1.6255830725386073,3.7750052525608475,1340977,39.90826091722677,-1.5443288825615353,4.865683880136329,-4.06732117812062,-1.38888888888888,0.96969696969697
Congo,-4.706039648354086,3.8041077695063104,142235,37.189580623615846,-4.7965006413154825,6.018336040698603,-7.22100656455142,-4.71567267683772,-2.15175537938844
Liechtenstein,-1.1972804484696125,3.7865789752006567,9942,38.988131160732244,-1.277753264796891,4.975267902212616,-3.58974358974359,-1.21951219512195,1.62337662337663
Laos,-1.2221563399632487,3.3476382051612488,161238,39.16582939505576,-1.2553700142351674,4.152344849097476,-3.2258064516129,-1.49911816578484,0.83194675540765
Swaziland,-1.4797841733596178,3.84537460291422,18518,43.77632573712064,-1.485586577273593,4.927800068627614,-4.08805031446541,-1.69039145907473,1.09409190371991
Thailand,-3.524759448918796,3.9992102047407116,1038842,41.62734082757532,-3.511031725127417,5.642304001771136,-6.29453681710214,-4.0339702760085,-0.60606060606061
Bhutan,-0.23051545227353273,3.5958827252566485,68750,41.255272727272725,-0.034055579989739994,4.3651183718724065,-2.710027100271,0.0,2.1889400921659
Democratic Republic of the Congo,-4.904154724399833,3.85682640599837,145183,42.075587362156725,-4.898460370901167,6.10849225166531,-7.32600732600733,-5.21159874608151,-2.29508196721312
Monaco,-1.9152863772734905,4.261264300841463,213942,43.94910770208748,-1.7891663215504463,5.303218660743105,-4.90956072351422,-1.74927113702624,0.9765625
Morocco,-2.7148761371455596,4.130133758152486,335863,39.5138791709715,-2.7163050089383036,5.689826057633439,-5.58252427184466,-2.59433962264151,0.34153005464481
Cape Verde,-1.2736571943535777,3.731495355875703,9544,37.41303436714166,-1.0290050458965436,4.821344217361711,-4.29530201342282,-0.95087163232963,1.39935414424112
Panama,-2.7126240517610607,3.4220588446322284,283445,39.41738256099067,-2.6227954502045043,4.727836847438578,-4.87444608567208,-2.57234726688103,-0.47619047619047
Hong Kong,0.5065590119209459,2.38005938023754,24470,71.61217817736004,0.5805212325944157,2.531634330002951,-0.72463768115942,0.91863517060367,1.6597510373444
Nauru,-4.544805976893496,2.800068482105067,91014,44.235612103632405,-4.640887898708006,4.865015766783035,-6.49038461538462,-4.45736434108527,-2.80210157618213
Ukraine,-3.8103150149198033,3.3167730481035016,1316162,37.46337456939192,-3.917813321379909,5.393403626949943,-5.90111642743222,-3.64842454394693,-1.64705882352941
Venezuela,-4.421643586051843,3.499167871204223,636104,37.95923308138292,-4.57131463484393,5.757629668689611,-6.6167290886392,-4.56621004566211,-2.10403272939802
Iceland,-1.30309149242443,3.278626776689559,99353,46.12885368333115,-1.2871323609302083,4.157929389363913,-3.54191263282172,-1.36425648021828,0.93167701863354
Israel,-3.885158698927316,3.8872693186351195,4865598,36.463055517533505,-3.997221449536776,5.831207715703742,-6.51162790697675,-3.42679127725857,-1.16618075801749
Saint Kitts and Nevis,0.08944334426828918,3.827780220314211,45655,52.57715474756325,0.1545928921327615,4.461860082246404,-2.63720598717035,0.14727540500736,2.81690140845071
Oman,-0.9545433295398111,3.3741157039825818,191895,42.932541233487065,-0.8250437962764411,4.565822079825364,-3.12261995430312,-1.05017502917153,1.28205128205129
North Korea,-3.260252482455409,2.412379628921951,2563872,40.36252589832878,-3.2694701849389025,3.9716671245864603,-4.70162748643761,-3.06462358427715,-1.79717586649551
South Korea,-2.5112666609517427,2.993097000880402,2358335,43.46721733765559,-2.492317683684519,4.35028090120144,-4.26287744227353,-2.49307479224377,-0.72072072072072
Cyprus,-2.365948562816537,3.3162769367650946,278231,36.27740977820588,-2.3181902957271108,4.551205547242351,-4.53020134228188,-2.04081632653061,0.0
Uruguay,-2.3673199238101885,3.6244879958246297,90529,37.70614941068608,-2.395717978636516,5.0009650850109475,-4.91803278688524,-2.34806629834254,0.37037037037037
Mexico,-2.907620794387469,3.4226487051986854,2643577,36.71282130234905,-2.9575284758618867,5.045364141847809,-5.0830889540567,-2.78884462151395,-0.63391442155309
Aruba,-1.5941324481402166,3.9203925064172527,10821,41.035948618427135,-1.1936915088235824,5.294131890604022,-4.08719346049046,-0.961538461538462,1.11464968152866
Estonia,-1.3436523498903656,3.176182358329104,174595,34.57962713708869,-1.2716277785962176,4.328875757003288,-3.11447811447811,-0.96930533117932,0.58139534883721
Georgia,-2.5740984181853803,3.0337766048285055,4531,31.355109247406755,-2.6771995485514006,4.387256000103571,-4.82758620689655,-2.5440313111546,-0.83194675540765
Zimbabwe,-3.195119589547043,3.544426797099211,544884,42.740014388383585,-3.1731426370086697,5.036076508471176,-5.11440107671602,-3.05882352941176,-1.01137800252844
Indonesia,-3.6108648491567417,3.473342103571582,1727496,37.50881044008206,-3.586452373171929,5.222199960148445,-5.85241730279898,-3.79746835443038,-1.42348754448399
Saint Vincent and the Grenadines,-1.4073558481823663,3.678826492424075,40052,49.81324278438031,-1.4484348544461791,4.873632782330128,-3.69515011547344,-1.46938775510204,1.12201963534362
Guatemala,-4.195579424969966,3.9444367530280013,211338,38.683388694886865,-4.408805484200133,6.131779727631605,-6.79140679140679,-4.47470817120622,-1.36138613861386
Mongolia,-0.4949515861859653,3.425893221904741,99719,42.27469188419459,-0.46406009549584687,4.281933221698997,-2.4390243902439,-0.31104199066874,1.70940170940171
Azerbaijan,-3.2484964049289844,3.9923120334353346,306524,37.4246388537276,-3.3506173785109445,5.982058176274169,-6.03448275862069,-3.03867403314917,-0.38387715930902
Libya,-4.199141717834511,2.8237285543958506,1006667,38.54649054751969,-4.2815278171555615,4.96084196616571,-5.94059405940594,-4.05405405405405,-2.35849056603773
Grenada,-2.6627706667473108,4.30884988379753,54022,41.15378919699382,-2.614420071870874,5.57448988863803,-6.11510791366906,-2.41935483870967,0.649350649350646
Armenia,-3.7041717779747994,3.8108976613425036,324231,36.967686618491136,-3.7324341311526497,5.757593898075369,-6.27659574468085,-3.93325387365912,-1.11856823266219
Liberia,-1.5905888108562911,3.6541945285437096,150788,41.25288484494787,-1.5526751907810563,4.786771166947548,-3.95778364116095,-1.35440180586907,0.91324200913242
Tunisia,-5.086927725563,3.7347034345289467,474444,39.78701385200361,-5.038868479161047,6.013195378815923,-7.4424898511502,-5.6657223796034,-3.01399354144241
Honduras,-3.53827033185896,3.584893213855456,126705,36.24979282585533,-3.6446284347463247,5.665744434683401,-5.88235294117647,-3.81970970206264,-1.11386138613861
Syria,-4.657012092574854,2.7706143703952866,6777994,34.88590429557772,-4.760232017913115,5.237533843170993,-6.4032697547684,-4.60526315789474,-2.84280936454849
Trinidad and Tobago,-1.571123965452269,3.7575338722346854,70391,41.56554104928187,-1.6282954595270454,4.876943305397001,-3.71900826446281,-1.28700128700129,0.92592592592593
Saudi Arabia,-3.3488322695871022,3.29444532765483,3328098,35.741207139933984,-3.3942798359545647,5.124402353384577,-5.51181102362205,-3.36605890603086,-1.29310344827587
Uganda,-3.534944306710701,3.795210762098774,490374,41.192722289517796,-3.4830612501281,5.27482601503745,-6.17577197149644,-3.40557275541796,-0.99833610648918
Namibia,-1.3024343704179866,3.934100564589559,82139,41.23522321917725,-1.2070544084825663,4.955285407007818,-3.79918588873813,-0.7936507936508,1.45772594752187
Switzerland,-2.292864119997518,3.64319228147142,1245317,39.014740825026884,-2.0920869654134737,4.859920108422515,-4.66222645099905,-2.10304942166141,0.15015015015015
Zambia,-2.2038898866513374,4.472789650766222,121428,40.47740224659881,-2.109634200499616,5.6139344740919315,-5.03875968992248,-1.88679245283019,1.0670731707317
Ethiopia,-2.9916382872219605,4.055474591550889,402772,40.16346717249461,-2.9550079163454805,5.702054358492287,-5.71120689655172,-2.90342941300231,-0.14285714285715
Jamaica,-1.5910892319653172,4.3695313406551195,220009,47.558327159343484,-1.601364147106526,5.715245877320669,-4.54545454545455,-1.03686635944701,1.42045454545455
Latvia,-1.8316236867048057,3.3808489364353096,131987,36.37926462454636,-1.7277143338727152,4.702307196054313,-3.98671096345515,-1.6597510373444,0.444444444444441
Brunei,-1.5262349967829123,2.554993244950307,187712,29.164784350494376,-1.3623652387284633,3.691608435885148,-3.11004784688995,-1.69270833333333,0.0
South Sudan,-4.731480697375177,3.4684351871669055,421590,43.945183709291015,-4.739057030411747,5.466545806533368,-7.10008554319931,-4.6831955922865,-2.66087428726582
United Arab Emirates,-1.5881521280636084,3.780720641817998,853936,40.06016844353675,-1.4039368993892332,5.009482225840518,-4.05493786788751,-1.73564753004005,0.9549795361528
Saint Lucia,-1.532611302965702,3.60115062642798,42144,48.1997437357631,-1.569011169692604,4.532490780857227,-3.10150375939849,-1.58730158730159,0.835654596100281
Guinea,-2.63692147557926,3.6316173726492824,97274,40.30953800604478,-2.7167665489654085,5.162414919310566,-5.16129032258065,-2.60180995475113,-0.22379709063782
Canada,-1.6559872281468708,3.6432651521477406,3181368,40.98249243721569,-1.527955896323436,4.6984911411590415,-3.99429386590585,-1.41414141414141,0.75265138556277
Seychelles,0.789545034891734,3.2696148861414764,36575,46.81093643198906,1.007224471121246,4.24774858866249,-0.641025641025643,0.90655509065551,2.86177105831534
Kyrgyzstan,-2.4204371355064294,3.9208761949887823,116014,37.65614494802352,-2.4302007416931493,5.420376784518474,-5.30451866404715,-2.13333333333334,0.37174721189591
Macedonia,-5.184475164954913,3.4229662439069535,241277,40.93991553276939,-5.333378950885147,5.872800984460596,-7.35294117647061,-5.50300945829751,-3.475935828877
Samoa,-0.6083683387657971,3.575297666344555,21707,39.220067259409404,-0.4368820077692417,4.9908758450430915,-2.74869109947644,-0.18348623853211,1.82648401826484
Uzbekistan,-2.8017606571694174,4.1139976438081325,165384,38.187732791563874,-2.5026985091569776,5.481095750396123,-5.70570570570571,-2.96950240770465,0.41237113402062
Czech Republic,-2.5488188926853264,3.601079377635703,324833,36.75174628193564,-2.5300997322576944,5.017666752609811,-5.06756756756757,-2.65151515151515,0.0
Mozambique,-2.247243763302091,3.829134926038419,135921,40.5914465020122,-2.274783116674766,5.000765474776469,-4.8469387755102,-1.78117048346055,0.56947608200455
Cook Islands,-0.5345818123943643,3.1709367496154353,8682,44.35268371343008,-0.5651446623537215,4.003332193764189,-2.36100533130236,-0.898203592814371,1.52091254752851
Belize,-1.8251327248539586,3.6685622146652754,46491,41.22518336882408,-1.7582290462338916,4.817477286708477,-4.5,-1.58730158730159,0.72463768115942
Brazil,-3.052756057515854,3.651770429166931,928942,42.55879269103991,-3.2128724120307535,5.228575061175252,-5.45702592087313,-3.26633165829146,-0.55248618784531
Gambia,-2.427922371349102,3.662700384197994,196808,41.138215926181864,-2.5055308420166837,4.9545671820354436,-4.65631929046563,-2.39520958083833,0.0
Kenya,-4.043952789235298,4.232240758778774,984918,42.25954851063744,-4.00350807568663,5.9687213418401495,-7.2289156626506,-4.13907284768212,-0.93167701863354
Lebanon,-4.260621999960724,3.4312916998738996,1069787,36.885753893064695,-4.346783510968381,5.77070638663573,-6.31868131868132,-4.16666666666667,-2.15517241379311
Antigua and Barbuda,-2.5128758297167457,3.7532242198652797,45573,40.51060935202862,-2.598024439843844,5.042276443077028,-5.27306967984935,-3.01602262016965,0.0
Dominican Republic,-2.738304110335197,3.8353559450350545,119046,41.587621591653644,-2.530065793342333,5.343246908055834,-5.43130990415335,-2.73972602739726,0.0
Botswana,-1.0381312550373145,3.7770855688476974,70299,44.298354172890086,-1.0516950829579437,4.756878671329118,-3.46051464063887,-0.88757396449704,1.47275405007364
Japan,-1.5485382593521189,3.1209781672254207,3603808,41.59483524094513,-1.5373462341476938,4.209743986631804,-3.46938775510205,-1.5943012211669,0.53034767236299
Tanzania,-2.108758936217952,4.018297775936367,246501,41.951635084644685,-2.0808133010948673,5.167344279661687,-4.96453900709219,-1.68711656441717,0.73111291632818
Luxembourg,-2.261464063377597,2.8583540295439818,234789,41.59453807461167,-2.2899455662371335,3.919200669202234,-4.17007358953393,-2.16251638269987,-0.46728971962617
New Zealand,-1.1735125648761127,3.6635641394273915,725656,43.94652562646764,-1.0824915340077061,4.485722751489305,-3.53227771010962,-0.80482897384306,1.37931034482759
Haiti,-3.28262530463386,3.398484270150684,314771,39.95142500420941,-3.235362157759316,4.923495577055812,-5.4726368159204,-3.28638497652582,-1.06629578117756
Poland,-2.3154217285565535,3.4237772520486764,1250813,40.75258252032878,-2.2948961183804735,4.73883941013078,-4.54545454545454,-2.01342281879194,-0.0473933649289098
Portugal,-2.2694988321551315,3.7151945407629308,371160,40.7737902791249,-2.3787463236936,5.112506435450139,-4.89181561618062,-2.03883495145631,0.3921568627451
Australia,-2.144506549581195,3.817229123349298,3106202,41.40839520417539,-2.050400148662564,5.069999774785616,-4.69387755102041,-1.97530864197531,0.45454545454545
Cameroon,-5.247171620147632,4.0349970837036935,175382,41.42112645539451,-5.4359549397221425,6.633711525440868,-8.08080808080808,-5.39401601348504,-2.69814502529511
Papua New Guinea,-3.0420552608298297,3.443505958647812,146935,41.50767346105421,-2.9398309319561537,4.760859125969715,-5.34883720930233,-2.95872106895729,-0.74074074074074
Guinea-Bissau,-1.7591232839641198,3.5999740885410323,13142,29.68497945518186,-2.0660075869191363,5.520094503271469,-4.19580419580419,-1.89959294436906,1.01694915254237
Bulgaria,-2.196581622923444,4.157361669351865,207669,38.95617545228224,-1.981728997973112,5.427337733305426,-4.88188976377953,-1.77993527508091,0.57526366251198
Solomon Islands,-0.7319176856492589,3.1823036922331456,20367,42.356753571954634,-0.6125292323920697,4.066278832939366,-2.87162162162162,-0.87976539589442,1.53256704980843
Austria,-3.02054763338324,3.387297912778088,770957,37.410348437072365,-3.0225298116608563,5.049966614737848,-5.29965329370975,-3.1986531986532,-0.759493670886069
Nepal,-2.378757599651984,3.5009535446602262,560384,44.29171782206487,-2.389641017165582,4.84910050319446,-4.63018641010222,-2.45478036175711,0.0
Costa Rica,-2.0396948760600915,3.7303726242184396,86696,38.56129463873766,-1.9744231825573986,4.933383384347686,-4.42477876106194,-2.30905861456483,0.664672648720504
Egypt,-3.9316534554138465,3.6247660606684713,2544851,37.856648581783375,-4.165263972475875,6.073147092238491,-6.08247422680412,-3.93442622950819,-1.66453265044815
El Salvador,-4.085585459146682,3.755675543818065,169292,38.508671407981474,-4.359962225110954,6.073743516243563,-6.72191528545119,-4.25728829245719,-1.67109760729206
Kazakhstan,-1.3967497646755016,3.5374775030980077,251702,39.19035208301881,-1.2286524109493837,4.665434263128023,-3.78440366972477,-0.99403578528827,1.03626943005182
Serbia,-4.277391540778748,3.688990019651582,314486,37.08149170392323,-4.3105442766292414,5.852221531839377,-6.42398286937901,-4.71311475409836,-2.0
Burkina Faso,-4.235941957810598,3.2063671626010084,143306,44.39688498736968,-4.427711353993275,5.271023772742491,-6.16113744075829,-4.4910179640719,-2.25669957686883
South Africa,-2.8049755946289703,4.096560689182558,534575,33.75788242996773,-2.6925413297588165,5.592462052877739,-5.53745928338762,-2.74725274725275,0.0
Bermuda,-1.8667998547675395,3.8497652500792747,43296,44.848715816703624,-1.561983406526022,4.874897553622972,-4.19580419580419,-1.92439862542956,0.8816120906801
Bahrain,-4.035784210906512,4.011979576053419,388508,39.577640614865075,-4.181548875004095,6.426608643791335,-6.54008438818566,-4.23236514522821,-1.73564753004005
Micronesia,-1.5250839149885809,3.1093854991686802,11806,38.778587159071655,-1.5294232633617741,4.089829557329174,-3.28820116054158,-1.7167381974249,0.46367851622875
Colombia,-2.557315579896511,3.5681119939847927,646108,41.748918137524996,-2.6581607629517343,4.9567121290095395,-4.93273542600896,-2.7047913446677,-0.17636684303351
Hungary,-4.0503015728743375,3.169180322743251,733673,39.1313159950005,-4.0420535965707165,5.049214501123884,-6.0204081632653,-4.56942003514939,-2.31884057971014
Pakistan,-4.12556154044048,3.7000541861276406,3335893,40.02996798758234,-4.200155645475673,5.82112273570266,-6.5703022339028,-3.98406374501992,-1.69753086419753
Vanuatu,-2.721482518947011,3.537641802363856,37944,43.622970693653805,-2.629149614854267,4.683493216122866,-5.49199084668192,-3.20284697508897,0.0
Vatican City,-1.7950285720722918,3.2657430614138625,502023,45.065026901157914,-1.8956597027400923,4.406862422267468,-3.80622837370243,-1.20370370370371,0.524475524475521
Mauritius,-0.22338006327034327,3.398458337946987,54974,42.034598173682106,-0.07458108226179833,4.2194082964152,-2.42774566473988,0.0,2.18579234972678
Moldova,-2.2654283861710542,3.7904482201794045,101458,41.37712156754519,-2.7428366388434253,5.80073377190046,-4.52342487883683,-1.97530864197531,0.0
United Kingdom,-2.228129053065019,3.674184412316836,9021484,38.96540081432279,-2.123451372261055,4.968555652319762,-4.66321243523316,-2.08757637474542,0.24509803921568
Slovak Republic,-2.8735664581756533,3.1977267208352664,164599,40.97369971871032,-2.837621775741663,4.377386734611591,-5.42168674698795,-3.10765815760266,-0.64102564102564
Vietnam,-1.8188162780864257,3.230407511241766,1133802,33.713285035658785,-1.7718945709975933,4.520199438574608,-3.9067055393586,-1.74672489082969,0.26881720430107
Mali,-4.758215673996545,3.463023594923279,290287,41.918136189357426,-4.919429804051295,5.776713366562821,-7.0362473347548,-4.73537604456824,-2.81124497991967
Netherlands,-2.3962560386225675,3.73621367810119,1199492,37.60912953150167,-2.296765088247241,5.080469913446537,-4.85312899106002,-2.33438485804417,0.14925373134328
